State,Maternal Mortality - Mother's Race is Black (2017-2022),Maternal Mortality - Mother's Race is White (2017-2022),Total Infant Mortality white,Total Infant Mortality black,Total Infant Mortality hispanic,Infant Mortality 2017,Infant Mortality 2018,Infant Mortality 2019,Infant Mortality 2020,Infant Mortality 2021,Infant Mortality 2022,"Maternal Mortality Rates 2018-2022 per 100,000 live births",Number of obstetricians and gynecologists employed in the United States in 2023,"Total no. of women aged 15-44, 2017",Women 18-44 who went without care because of cost,Overall health ranking,"% of pregnancies ending in birth, 2017","% of pregnancies ending in abortion, 2017",Percent of births financed by medicaid,"Birth rate per 1,000 women ages 15-44","Teen Birth Rate per1,000 population, Ages 15-19 2022",Increase in clinician-provided abortions since 2020 %,"% change in abortion rate, 2017-2020","% change in the no. of abortion providers, 2014-2017 [2]","% of all U.S. abortions, by state of occurrence, 2020","% of pregnancies ending in abortion, 2017","% of pregnancies wanted later or unwanted ending in abortion, 2017","% of pregnancies wanted later or unwanted ending in birth, 2017","% of residents obtaining abortions who traveled out of state for care, 2020","% of women aged 15-44 living in a county without a clinic, 2020 [2]","Abortion rate (the no. of abortions per 1,000 women aged 15-44), by state of residence, 1988 [4]","Abortion rate (the no. of abortions per 1,000 women aged 15-44), by state of residence, 1992 [4]","Abortion rate (the no. of abortions per 1,000 women aged 15-44), by state of residence, 1996 [4]","Abortion rate (the no. of abortions per 1,000 women aged 15-44), by state of residence, 2000 [4]","Abortion rate (the no. of abortions per 1,000 women aged 15-44), by state of residence, 2005 [4]","Abortion rate (the no. of abortions per 1,000 women aged 15-44), by state of residence, 2006 [4]","Abortion rate (the no. of abortions per 1,000 women aged 15-44), by state of residence, 2007 [4]","Abortion rate (the no. of abortions per 1,000 women aged 15-44), by state of residence, 2008 [4]","Abortion rate (the no. of abortions per 1,000 women aged 15-44), by state of residence, 2009 [4]","Abortion rate (the no. of abortions per 1,000 women aged 15-44), by state of residence, 2010 [4]","Abortion rate (the no. of abortions per 1,000 women aged 15-44), by state of residence, 2011 [4]","Abortion rate (the no. of abortions per 1,000 women aged 15-44), by state of residence, 2012 [4]","Abortion rate (the no. of abortions per 1,000 women aged 15-44), by state of residence, 2013 [4]","Abortion rate (the no. of abortions per 1,000 women aged 15-44), by state of residence, 2014 [4]","Abortion rate (the no. of abortions per 1,000 women aged 15-44), by state of residence, 2015 [4]","Abortion rate (the no. of abortions per 1,000 women aged 15-44), by state of residence, 2016 [4]","Abortion rate (the no. of abortions per 1,000 women aged 15-44), by state of residence, 2017 [4]","Abortion rate (the no. of abortions per 1,000 women aged 15-44), by state of residence, 2018 [4]","Abortion rate (the no. of abortions per 1,000 women aged 15-44), by state of residence, 2019 [4]","Abortion rate (the no. of abortions per 1,000 women aged 15-44), by state of residence, 2020 [4]","Annual family planning cost per client, 2016","Change in the no. of abortion providers, 2014-2017 [2]","Cost per Medicaid-funded birth, including delivery, infant and child costs, 2016","No. of abortion providers, 2017 [2]","No. of abortions per 1,000 women aged 15–44, by state of occurrence, 2020","No. of abortions, by state of occurrence, 2020 [1]","No. of abortions, by state of residence, 1988 [4]","No. of abortions, by state of residence, 1992 [4]","No. of abortions, by state of residence, 1996 [4]","No. of abortions, by state of residence, 2000 [4]","No. of abortions, by state of residence, 2005 [4]","No. of abortions, by state of residence, 2006 [4]","No. of abortions, by state of residence, 2007 [4]","No. of abortions, by state of residence, 2008 [4]","No. of abortions, by state of residence, 2009 [4]","No. of abortions, by state of residence, 2010 [4]","No. of abortions, by state of residence, 2011 [4]","No. of abortions, by state of residence, 2012 [4]","No. of abortions, by state of residence, 2013 [4]","No. of abortions, by state of residence, 2014 [4]","No. of abortions, by state of residence, 2015 [4]","No. of abortions, by state of residence, 2016 [4]","No. of abortions, by state of residence, 2017 [4]","No. of abortions, by state of residence, 2018 [4]","No. of abortions, by state of residence, 2019 [4]","No. of abortions, by state of residence, 2020 [4]","No. of pregnancies wanted later or unwanted, 2017","No. of publicly funded family planning centers, 2015","Total annual net savings from services provided during family planning visits at publicly funded family planning centers (in 000s of dollars), 2016","Total no. of pregnancies among women aged 15-44, 2017","Wanted-later-or-unwanted pregnancy rate (no. per 1,000 women aged 15–44), 2017",abortion_policies,abortion_related_legislative_actions_introduced_2023,total_abortion_ban,6_week_ban,12_week_ban,15_week_ban,18_to_23_week_ban,24_to_26_week_ban,no_gestational_ban,state_constitution_excludes_abortion_rights,waiting_period_after_counseling,waiting_period_after_required_in_person_counseling,forced_ultrasound,state_medicaid_coverage_ban,private_insurance_coverage_ban,medication_abortion_in_person_requirement,mailing_abortion_pills_banned,medically_unnecessary_clinic_regulations,parental_consent_required_for_minors_abortion,parental_notice_required_for_a_minors_abortion,only_physicians_can_provide_abortions,All Women Who Report Fair or Poor Health Status by Race/Ethnicity,White Women Who Report Fair or Poor Health Status by Race/Ethnicity,Black Women Who Report Fair or Poor Health Status by Race/Ethnicity,Hispanic Women Who Report Fair or Poor Health Status by Race/Ethnicity,All Women Average Number of Poor Mental Health Days Reported in the Last 30 Days 2022,White Average Number of Poor Mental Health Days Reported in the Last 30 Days 2022,Black Average Number of Poor Mental Health Days Reported in the Last 30 Days 2022,Hispanic Average Number of Poor Mental Health Days Reported in the Last 30 Days 2022,Medication Abortion can only be Provided by a Physician 10/24,Physical Presence of Prescribing Clinician Required or Explicit Ban on Use of Telemedicine for Medication Abortion 10/24,State Permits Advanced Practiced Clinician's to Dispense Medication Abortion 10/24,Up to Age 19 Reported Legal Abortions,Ages 20-29 Reported Legal Abortions,Ages 30-39 Reported Legal Abortions,Ages 40 and Above Reported Legal Abortions,White Reported Legal Abortions 2021,Black Reported Legal Abortions 2021,Hispanic Reported Legal Abortions 2021,Other Reported Legal Abortions 2021,Mandatory_enacted,Mandatory_not_yet_enacted,Voluntary_laws,Job_protection,Num_weeks_parental_leave,Percent_of_women_working,Num_women_working,Average_Annual_Economic_Loss_as_a_%_of_State_GDP*,Total_Average_Annual_Economic_Loss,Average_Annual_%_Labor_Force_Loss_Women_15-44,Total_Average_Annual_Labor_Force_Loss_Women_15-44,Cost_per_Medicaid-funded_birth_including_delivery_infant_and_child_costs_2016,median_cost_abortion_medication,Median_cost_1st_trimester_abortion,Median_cost_2nd_trimester_abortion,Annual_family_planning_cost_per_client_2016,Pctg_Women_Uninsured,abortion_policies,abortion_related_legislative_actions_introduced_2023,private_health_plans_required_to_cover_abortion,healthcare_professionals_besides_physicians_provide_abortions,state_fund_for_abortion_care,protections_to_enter_a_clinic,shield_law_protecting_providers,patient_reproductive_health_data_privacy,genetic_counseling_2017,chorionic_villus_sampling_and_mniocentesis_2017,case_management_2017,substance_alchohol_abuse_treatment_2017,prenatal_and_postpartum_home_visits_2017,childbirth_education_classes_2017,infant_care_parenting_education_2017,postpartum_visit_2017,breastfeeding_education_2017,lactation_consultation _in_hospital_2017,lactation_consultation_in_clinic_and_or_home_2017,birth_center_deliveries_2017,home_births_2017,electric_breast_pumps_2017,doula_services_2017,medicaid_expansion_status,section_1115_waiver,activity_summary
Alabama,12.02,4.64,6.1,11.1,5.1,7.38,6.94,7.71,6.99,7.56,6.69,38.6,120,949949,23,45,74,10,45,58.7,20.9,,7,-5,100,15,u,u,n/a,38,n/a,n/a,n/a,n/a,n/a,n/a,n/a,n/a,n/a,n/a,n/a,n/a,n/a,n/a,n/a,n/a,n/a,n/a,n/a,n/a,316,-84,"22,122","1,587",14.4,"930,160",n/a,n/a,n/a,n/a,n/a,n/a,n/a,n/a,n/a,n/a,n/a,n/a,n/a,n/a,n/a,n/a,n/a,n/a,n/a,n/a,u,"10,708","7,653,965","5,575,150",u,Most restrictive,22,1,0,0,0,0,0,0,1,1,0,1,1,0,1,0,1,1,0,1,0.25,0.23,0.28,0.25,5.5,5.7,5,5.3,0,1,1,0.09,0.61,0.27,0.03,0.27,0.64,0.06,0.03,0,0,1,0,0,51.1,1077000,0.009,2380000000,0.016,9608,22122,600,700,800,316,12,Most restrictive,22,0,0,0,0,0,0,0,0,1,1,0,0,1,1,1,0,0,1,0,0,0,0,0,No activity
Alaska,,5.5,5.1,0,,5.74,6.25,4.99,5.07,7.37,6.62,,70,"146,072",16,33,74,10,38,64.9,16.9,33,-6,-22,0.6,10,23,62,47,59,21.3,18.4,15.3,13.5,11.4,11.5,11.6,11.5,10.9,10.4,10,9.3,8.6,8.7,8.5,8.3,8.1,8.2,8.4,9.5,514,-2,"20,113",7,6,"5,700","20,100","17,720","14,940","13,060","10,840","10,980","11,130","11,020","10,530","10,030","9,600","8,920","8,230","8,310","8,150","7,920","7,660","7,800","8,030","9,060","31,400",187,"82,949","79,150",33,Protective,26,0,0,0,0,0,0,1,0,0,0,0,0,0,0,0,0,0,0,0,0.18,0.16,0.33,0.18,5.2,4.7,10.3,6.5,1,1,0,0.1,0.56,0.31,,0.53,0.07,0.03,0.37,0,0,0,0,0,60.8,163000,0.004,252000000,0.013,1197,20113,800,800,NA,514,12,Protective,26,0,1,0,0,0,0,0,0,1,1,1,0,0,1,1,1,0,1,1,1,0,1,0,Expansion effective 9/1/2015
Arizona,10.15,5.59,4.5,11.4,5.5,5.7,5.71,5.43,5.19,5.47,6.17,30,310,"1,345,764",19,44,73,12,46,54.9,15.1,4.6,0,-25,0.1,10,32,54,7,33,19.8,19.5,16,13.5,15,14.5,14.1,13.9,14.3,14.7,14,12.9,11.8,11.1,10.5,9.8,9.7,9.8,10,9.2,439,-2,"45,083",6,8.6,"1,240","2,700","2,800","2,310","1,900","2,130","2,060","2,000","1,960","2,040","2,120","2,030","1,890","1,740","1,640","1,540","1,450","1,420","1,430","1,440","1,320","4,270",157,"57,145","14,090",29,very restrictive,58,0,0,0,1,0,0,0,0,1,1,1,1,0,1,1,1,1,0,1,0.2,0.18,0.23,0.25,5.3,5.2,6.6,4.9,,,,0.09,0.58,0.29,0.04,0.34,0.13,0.46,0.08,0,0,0,0,0,55.7,1662000,0.01,4520000000,0.017,16480,45083,540,701,1568,439,13,very restrictive,58,0,0,0,0,1,0,0,1,1,1,0,0,0,1,1,1,0,1,1,1,0,1,1,Approved 1115 Waiver
Arkansas,12.44,6.43,7.4,15,5.2,8.1,7.51,7,7.38,8.59,7.67,38.3,,"577,447",19,47,76,8,39,60.2,24.6,,1,-8,1.4,12,30 [3],56 [3],6,18,27,24.2,20,16.9,16.5,15.4,14.4,15.7,13.8,12,12.8,11.7,10.6,10.1,10.3,10.5,9.8,9.8,9.7,9.7,262,-1,"31,821",11,9.3,"13,320","22,200","21,200","20,120","18,410","19,710","18,850","17,990","19,770","17,480","15,190","16,270","15,040","13,820","13,240","13,640","14,040","13,310","13,440","13,620","13,820","41,790 [3]",232,"162,693","112,840",31 [3],Most restrictive,68,1,0,0,0,0,0,0,0,1,1,1,1,0,1,0,1,1,0,1,0.25,0.24,0.37,0.29,5.7,5.7,5.9,4.5,0,0,1,0.1,0.61,0.27,0.02,0.34,0.56,0.07,0.03,0,0,1,0,0,53.1,652000,0.012,1930000000,0.02,7786,31821,722,1300,NA,262,10,Most restrictive,68,0,0,0,0,0,0,1,1,1,1,1,1,1,1,1,1,1,0,0,0,0,1,1,Approved 1115 Waiver
California,8.25,3.91,3.1,7.5,4.3,4.2,4.21,4.23,3.92,4.07,4.11,10.5,3120,"8,104,632",14,23,66,18,40,52.8,9.8,16.3,2,0,0.3,8,18,67,37,86,15,16.4,12.1,10.4,9.2,9.6,10,10,9.9,9.6,9.1,8.7,8.3,7.5,6.8,6.2,6.5,6.4,6.3,7.8,215,0,"27,636",4,5.6,"3,250","7,860","8,690","6,680","5,880","5,200","5,450","5,690","5,710","5,630","5,490","5,210","5,010","4,810","4,350","3,930","3,590","3,770","3,720","3,660","4,510","19,190",163,"95,792","49,110",33,very protective,167,0,0,0,0,0,1,0,0,0,0,0,0,0,0,0,0,0,0,0,0.18,0.14,0.2,0.26,5.3,5.3,6.1,5,0,0,1,,,,,,,,,1,0,0,0,8,55.3,8701000,0.003,10900000000,0.008,39188,27636,700,750,926,215,8,very protective,167,1,1,1,1,1,1,1,1,1,1,1,1,1,1,1,1,1,1,1,1,0,1,0,Expansion effective 1/1/2014
Colorado,9.92,3.97,3.9,10.4,5.5,4.49,4.75,4.85,4.8,4.99,4.54,16,550,"1,137,745",16,17,72,12,36,51.5,11.1,96.1,17,-18,16.6,18,46 [3],42 [3],0,3,44.9,41.7,32.9,31.1,26.5,27.4,28.3,27.1,25.6,24,22.4,21.4,20.5,19.5,18.4,17.3,16.3,17.3,18.4,19,354,-93,"15,366",419,19.2,"154,060","311,440","303,850","237,870","235,670","206,260","213,550","220,840","211,930","200,720","189,110","177,360","170,420","163,550","156,690","148,000","139,320","131,210","139,820","148,440","152,400","273,370 [3]","1,697","1,371,756","710,510",34 [3],protective,47,0,0,0,0,0,0,1,0,0,0,0,1,0,0,0,0,0,1,0,0.15,0.13,0.25,0.21,5.1,4.8,5.1,6,0,0,1,0.1,0.57,0.3,0.03,,,,,1,0,0,1,12,63.2,1476000,0.002,1200000000,0.004,3632,15366,458,750,2100,354,8,protective,47,0,1,0,1,1,0,1,1,1,1,0,0,0,1,1,1,1,1,1,1,0,1,0,Expansion effective 1/1/2014
Connecticut,7.47,3.41,3.3,9.9,5.8,4.51,4.2,4.38,4.33,4.65,4.25,15.6,250,"672,949",14,4,64,22,38,50.7,6.4,32.6,3,-11,1.4,12,34,52,1,26,21.6,21.9,18.1,13.3,14.9,15,15.1,14.7,14,13.4,12.6,11.7,10.9,10.8,10.3,9.8,9.7,9.6,9.6,9.9,374,-4,"17,170",32,11.2,"13,420","17,550","18,410","16,670","12,950","14,720","14,990","15,160","14,920","14,330","13,730","13,130","12,400","11,660","11,760","11,410","11,050","11,110","11,180","11,280","11,830","31,070",221,"111,595","89,470",27,protective,63,0,0,0,0,0,1,0,0,0,0,0,0,0,0,0,1,0,0,0,0.15,0.11,0.21,0.31,4.5,3.9,6,6.3,0,0,1,0.09,0.53,0.33,0.04,0.33,0.28,0.34,0.06,1,0,0,0,12,60.6,918000,0.004,1400000000,0.008,4065,17170,620,657,650,374,6,protective,63,0,1,0,0,1,0,1,1,0,1,1,0,0,1,1,1,1,1,1,1,0,1,0,Expansion effective 1/1/2014
Delaware,12.72,4.78,,9.2,,6.26,5.93,6.44,5.1,4.77,7.49,,100,"180,343",14,24,68,17,42,57.3,14.7,92.2,-6,-8,1.2,22,53,34,6,0,31,26.5,22.4,21.4,24.4,24.9,25.3,24.6,23.5,22.4,21.2,20.2,19.5,19.5,18.9,18.2,17.8,17.8,17.7,17.1,235,-5,"25,935",54,16.7,"11,170","24,470","20,100","16,510","15,460","17,340","17,580","17,730","17,210","16,350","15,480","14,630","13,900","13,360","13,280","12,770","12,260","11,950","11,930","11,900","11,460","21,200",92,"119,989","55,410",32,some restrictions/protections,26,0,0,0,0,0,1,0,0,0,0,0,1,0,0,0,0,0,1,0,0.18,0.15,0.24,0.26,4.5,4.6,4.2,4.1,0,0,1,0.08,0.56,0.32,,0.37,0.47,0.15,0.02,0,1,0,1,12,57,245000,0.004,353000000,0.009,1252,25935,490,490,673,235,7,some restrictions/protections,26,0,1,0,0,0,0,1,1,1,1,1,1,1,1,1,1,1,1,0,1,0,1,0,Expansion effective 1/1/2014
District of Colombia,8.28,,,11.7,,,,,,,5.54,,30,"186,464",12,7,61,25,45,44.9,12.5,2.7,-5,0,0.2,17,40,46,44,19,28.9,28.1,17.4,22.5,23.2,27.9,32.5,31.4,30.7,30,26.2,22.4,18.6,17.8,16.9,16.1,15.6,16.4,17.1,15.8,296,0,"29,668",6,10,"1,830","4,570","4,620","2,970","3,920","4,140","4,990","5,850","5,650","5,520","5,380","4,690","4,010","3,340","3,200","3,040","2,880","2,800","2,940","3,080","2,870","6,490",41,"31,732","16,070",36,protective,NA,0,0,0,0,0,0,1,0,0,0,0,1,0,0,0,0,0,0,0,0.13,0.05,0.23,,4.6,4.2,4.8,5.4,1,1,0,0.1,0.59,0.28,0.03,0.14,0.57,0.19,0.1,1,0,0,0,12,66.5,188000,0.001,125000000,0.002,226,29668,425,543,825,296,3,protective,NA,0,0,0,1,1,0,1,1,1,1,1,1,1,1,1,1,1,1,1,1,0,1,0,Expansion effective 1/1/2014
Florida,10.65,4.56,4.4,10.9,4.4,6.1,6.04,6.1,5.8,5.9,5.98,24.1,1470,"3,828,199",22,39,65,20,44,55.6,13.1,10.6,62,-11,1,25,u,u,45,0,79.3,68.9,38.1,40,44.4,40.1,36.2,38.4,31.6,24.9,20.3,20.8,21.3,21.3,18.3,15.5,21,24.4,26.3,26.1,366,-1,"29,661",8,48.9,"9,410","13,830","11,040","5,620","5,750","6,390","5,900","5,400","5,880","4,970","4,060","3,400","3,570","3,740","3,800","3,330","2,870","3,930","4,620","5,030","5,010",u,31,"95,112","15,800",u,most restrictive,99,0,1,0,0,0,0,0,0,1,1,1,1,0,1,1,1,1,1,1,0.16,0.15,0.21,0.2,4.8,4.6,5,5.5,1,0,0,0.07,0.55,0.34,0.04,0.3,0.38,0.29,0.04,0,0,1,0,2,54.5,5050000,0.008,11100000000,0.015,38850,29661,546,550,650,366,14,most restrictive,99,0,0,0,0,0,0,,,,,,,,,,,,,,,,0,0,Potential ballot initiative in 2026
Georgia,10.53,5.17,4.8,9,5,7.18,7.05,7.02,6.28,6.25,7.08,32.1,980,"2,147,399",23,46,68,17,46,56,16.6,24.3,6,-1,8.3,20,46 [3],42 [3],1,25,28.3,26.8,29.4,29.7,24.3,24.4,24.8,24.1,23.6,23,22.3,21.2,20.2,19.7,18.6,17.5,17.9,18,18.1,18.8,356,-1,"23,378",85,19.7,"77,400","75,820","77,320","90,160","96,000","85,360","86,980","88,600","86,310","84,150","82,020","79,890","76,730","73,560","72,630","69,390","66,150","68,640","69,630","70,630","73,830","142,640 [3]",430,"217,902","343,850",37 [3],very restrictive,115,0,1,0,0,0,0,0,0,1,0,0,1,0,0,0,0,0,1,1,0.2,0.18,0.23,0.26,5,5.1,4.6,4.9,0,0,1,0.07,0.59,0.31,0.03,0.17,0.69,0.09,0.05,0,0,0,0,0,55.8,2490000,0.01,7760000000,0.02,29545,23378,500,520,NA,356,15,very restrictive,115,0,0,0,0,0,0,1,1,1,1,1,1,1,1,1,0,0,1,0,1,0,0,0,"1115 Waiver, limited coverage"
Hawaii,,,,,,5.42,6.78,5.12,4.88,4.67,5.79,,220,"265,924",7,9,71,13,33,59.3,11.7,27.3,12,-7,4.5,17,39,48,5,55,22.2,23.9,19.6,16.9,16.1,16.1,16.4,19,18,16.9,16.6,16.1,15.6,14.8,15,15.2,15.2,15.4,15.8,16.6,112,-2,"19,945",26,18.9,"41,620","35,320","39,970","35,230","32,270","32,040","32,690","33,680","39,370","37,260","35,160","34,460","33,620","32,550","31,120","31,750","32,390","32,520","33,300","34,560","36,470","78,940",383,"277,045","190,870",37,protective,87,0,0,0,0,0,1,0,0,0,0,0,0,0,0,0,0,0,0,0,0.15,0.13,,0.19,4,4,,6.9,,,,0.09,0.55,0.32,,,,,,0,0,0,0,0,55.6,318000,0.003,311000000,0.007,1208,19945,850,950,1300,112,4,protective,87,0,1,0,0,1,0,1,1,0,1,0,1,1,1,1,1,1,0,0,1,0,1,0,Expansion effective 1/1/2014
Idaho,5.07,,4.4,,6.7,4.55,5.05,4.31,5.06,5.13,5.27,20,,"328,941",18,27,78,6,32,58.4,10.9,,1,-3,0.3,13,36,51,2,5,43.6,46,26.5,22.2,20.6,21,21.8,21.7,21.4,21,20.9,18.4,15.9,14,12.6,11.7,12.1,12,12,12.1,297,-1,"20,423",28,12.1,"3,130","11,120","12,180","6,930","5,630","5,330","5,490","5,650","5,650","5,590","5,530","5,540","4,900","4,260","3,750","3,370","3,130","3,220","3,170","3,130","3,120","8,570",44,"16,154","24,560",32,most restrictive,35,1,0,0,0,0,0,0,0,1,0,0,1,1,0,0,0,1,0,1,0.17,0.16,,0.24,5.1,4.8,,7,0,0,1,0.12,0.58,0.27,,0.63,0.03,0.29,0.05,0,0,0,0,0,57.4,437000,0.011,1210000000,0.018,4715,20423,650,657,NA,297,10,most restrictive,35,0,0,0,0,0,0,0,1,1,1,1,0,0,1,1,1,0,1,1,1,0,1,1,Expansion effective 1/1/2020
Illinois,12.39,4.2,3.9,12.3,5.8,6.12,6.55,5.67,5.5,5.62,5.59,18.1,690,"2,532,027",16,22,68,17,39,51.8,11.3,71.6,23,0,0.2,6,20 [3],65 [3],26,67,12.7,10.2,9.2,9.9,8.7,9.1,9.5,8.5,8.1,7.9,7.6,6.8,5.9,5.7,5.6,5.5,5.4,5.5,5.7,6,401,0,"15,761",5,4.8,"1,690","2,760","2,420","2,450","2,750","2,540","2,700","2,860","2,580","2,490","2,410","2,340","2,090","1,850","1,790","1,780","1,780","1,790","1,870","1,980","2,130","8,530 [3]",104,"11,220","28,580",26 [3],protective,245,0,0,0,0,0,1,0,0,0,0,0,0,0,0,0,0,0,0,0,0.19,0.15,0.28,0.28,4.9,4.7,5.7,4.2,,,,0.09,0.59,0.29,0.03,,,,,0,0,0,0,0,60.1,3076000,0.005,5400000000,0.008,13936,15761,490,463,1385,401,8,protective,245,1,1,0,0,1,1,1,1,1,1,1,0,0,1,1,1,0,1,1,1,0,1,0,Expansion effective 1/1/2014
Indiana,13,6.13,5.9,10.8,7.6,7.22,6.72,6.54,6.75,6.75,7.16,30.9,470,"1,295,622",14,29,75,9,41,59.7,16.7,,28,0,5.7,17,41,46,1,32,27,24.5,24.4,21.3,18.1,18.2,18.3,19.5,17.8,16.1,16.1,16.1,15.9,15.5,15.1,14.7,14.6,16.2,17.8,17.1,357,0,"20,220",40,21.3,"52,780","72,500","66,500","66,920","58,370","48,420","48,560","48,710","51,670","47,020","42,370","42,360","42,020","41,430","40,120","38,830","37,590","37,000","40,720","44,450","42,250","88,080",340,"215,078","220,810",35,most restrictive,77,1,0,0,0,0,0,0,0,1,1,1,1,1,1,0,1,1,0,1,0.21,0.2,0.24,0.22,5.6,5.6,5.6,5.5,1,0,0,0.09,0.59,0.3,0.03,0.47,0.36,0.1,0.08,0,0,0,0,0,57.6,1576000,0.013,5750000000,0.019,17570,20220,834,913,NA,357,8,most restrictive,77,0,0,0,0,0,0,1,1,1,1,1,0,0,1,1,1,0,1,0,1,0,1,1,"Approved 1115 Waiver, effective 2/1/2015"
Iowa,10.37,4.57,3.1,13.6,,5.31,4.98,5.02,4.43,3.99,5.2,19.5,120,"592,278",12,14,77,7,39,59.9,12.4,16.2,2,-18,0.8,9,25 [3],60 [3],31,66,16.2,16,13.7,11.4,10.1,9.8,9.6,9.5,9.3,9,8.3,7.9,7.7,7.8,7.9,7.9,8.2,8,7.9,8.2,347,-2,"19,130",9,6,"7,880","20,930","21,170","18,340","15,140","13,180","12,810","12,440","12,300","12,020","11,600","10,710","10,200","9,910","10,130","10,180","10,240","10,610","10,480","10,340","10,810","38,570 [3]",138,"82,780","109,910",30 [3],most restrictive,108,0,1,0,0,0,0,0,0,1,1,1,0,0,0,0,0,0,1,1,0.18,0.16,0.27,0.28,4.9,4.8,5.3,5.6,1,0,0,0.11,0.58,0.28,0.04,,,,,0,0,0,0,0,63.2,799000,0.008,1780000000,0.011,5230,19130,730,820,NA,347,5,most restrictive,108,0,0,0,0,0,0,1,1,1,1,1,0,0,1,0,0,0,1,0,0,0,1,0,Expansion effective 1/1/2014
Kansas,9.3,5.56,5.1,10.8,4.9,6.02,6.37,5.42,6.6,5.3,5.81,22.8,,"558,606",18,32,77,7,31,60.3,16.2,135.6,-6,-31,0.4,7,25,61,12,65,17.1,12.2,9.9,10.3,10.4,10.9,11.5,10.6,10.4,10.1,9.4,8.3,7.1,6.7,6.8,6.9,6.2,6,5.8,5.9,219,-4,"20,568",9,5.9,"3,510","10,480","7,480","6,150","6,280","6,130","6,390","6,660","6,160","6,010","5,860","5,430","4,790","4,150","3,930","3,990","4,050","3,670","3,550","3,490","3,510","13,950",88,"70,992","50,130",24,restrictive,142,0,0,0,0,1,0,0,0,0,0,0,1,1,0,0,0,1,0,1,0.17,0.16,0.29,0.13,5.1,4.9,7.3,6,,,,0.1,0.59,0.28,0.04,0.48,0.26,0.17,0.09,0,0,0,0,0,61.3,706000,0.01,2120000000,0.016,6525,20568,735,735,815,219,12,restrictive,142,0,0,0,1,0,0,,,,,,,,,,,,,,,,0,0,Potential expansion in 2025
Kentucky,8.47,5.53,5.6,10.3,5.4,6.59,6.05,4.9,6.43,6.15,5.77,34.6,320,"848,472",12,36,77,7,45,61.1,21.8,,19,0,0.9,7,22,63,4,60,13,12.7,12.1,11.2,10,10.2,10.3,10.2,8.7,7.2,7,7,7,6.8,6.5,6.3,6.3,6.3,6.4,7.3,124,0,"20,606",4,14.5,"8,180","7,210","7,140","6,940","6,440","5,620","5,670","5,720","5,670","4,830","3,990","3,870","3,910","3,940","3,800","3,660","3,520","3,520","3,560","3,610","4,120","15,440",128,"42,809","47,700",28,most restrictive,125,1,0,0,0,0,0,0,0,1,1,1,1,1,1,0,1,1,0,1,0.23,0.23,0.23,,5.2,4.8,7.1,7.3,,,,0.09,0.6,0.28,0.03,0.52,0.34,0.09,0.06,0,0,1,0,2,52.6,961000,0.011,2880000000,0.02,11372,20606,767,857,NA,124,6,most restrictive,125,0,0,0,0,0,0,1,1,1,1,0,0,1,1,0,1,0,1,0,1,1,1,0,Expansion effective 1/1/2014
Louisiana,10.97,4.98,5.2,10.9,4.6,7.06,7.65,7.97,7.59,7.24,7.37,37.3,60,"936,106",16,37,73,11,61,61.8,23.7,,26,0,0.4,7,20,65,39,82,11.6,11.2,8.8,7.6,7,7,7.1,7.4,7.2,7,6.8,6.4,6.1,6.1,5.8,5.5,5.6,5.6,5.6,6.7,278,0,"25,077",3,4.8,"4,080","10,090","9,850","7,890","6,720","6,060","6,080","6,110","6,380","6,170","5,960","5,820","5,500","5,180","5,180","4,910","4,640","4,780","4,780","4,770","5,690","22,340",211,"106,142","70,960",26,most restrictive,52,1,0,0,0,0,0,0,1,1,1,1,1,0,1,0,1,1,0,1,0.23,0.21,0.27,0.18,6.4,6.3,6.5,7.3,0,0,1,0.08,0.59,0.3,0.03,,,,,0,0,0,0,0,54,1010000,0.01,2890000000,0.021,12379,25077,600,963,NA,278,8,most restrictive,52,0,0,0,0,0,0,,,,,,,,,,,,,,,,1,0,Expansion effective 7/1/2016
Maine,,5.94,4.7,,,5.85,5.52,5.43,6.33,5,6.37,,100,"231,535",12,6,72,12,37,49.7,8.4,1.9,-25,-20,0.8,11,24,61,21,75,16.7,11.7,12.8,11.3,10.5,12.4,13.7,15.3,14,12.6,12.1,11.2,10.3,10.2,10.5,10.7,10,9.2,8.5,8.4,556,-1,"20,975",4,8,"7,360","17,030","11,800","13,110","11,380","10,330","11,220","12,520","14,110","12,930","11,750","11,310","10,470","9,630","9,620","9,830","10,040","9,280","8,530","7,830","7,760","35,930",195,"89,179","83,430",39,protective,66,0,0,0,0,0,1,0,0,0,0,0,0,0,0,0,0,0,0,0,0.15,0.14,,0.15,4.8,4.7,,5.6,0,0,1,0.1,0.54,0.32,0.05,0.85,0.09,0.02,0.03,0,1,0,1,12,54.9,324000,0.004,349000000,0.006,1064,20975,500,525,763,556,8,protective,66,1,1,0,1,1,0,1,1,1,1,0,0,0,1,0,0,0,1,0,1,0,1,0,Expansion effective 1/10/2019
Maryland,9.72,3.89,4.5,9.2,4.9,6.43,6.02,5.84,5.73,5.99,6.03,21.3,210,"1,193,286",13,12,62,23,40,56.9,10.9,26.7,15,133,0.3,12,37,50,5,16,14.6,15.1,12.4,10.9,10.9,11.4,12,11.9,11.5,10.9,10.1,10.1,10.1,10.2,9.6,9,8.9,8.9,8.9,10.1,261,12,"17,274",21,10.1,"2,370","4,140","4,260","3,390","2,910","2,840","2,940","3,030","2,970","2,830","2,640","2,410","2,390","2,380","2,400","2,240","2,080","2,050","2,060","2,080","2,370","5,260",106,"23,644","17,010",23,very protective,73,0,0,0,0,0,0,1,0,0,0,0,0,0,0,0,1,0,1,0,0.16,0.15,0.18,0.19,4.8,4.9,4.4,4.5,0,0,1,,,,,,,,,0,1,0,1,12,59.3,1514000,0.005,2360000000,0.009,7608,17274,390,443,922,261,7,very protective,73,1,1,0,1,1,0,1,1,0,1,0,0,0,1,0,0,0,1,1,1,0,1,0,Expansion effective 1/1/2014
Massachusetts,5.97,2.89,2.3,6.4,4.1,3.66,4.18,3.73,3.94,3.23,3.32,16.4,740,"1,381,812",12,1,67,18,31,48.7,5.8,26.6,4,7,3.3,23,50,37,17,23,34.9,33.1,31,32.5,29.2,26.5,23.9,23.7,24.9,25.9,26.9,24.7,22.6,22.1,21.8,21.7,22.7,23.5,24.2,24.9,168,3,"25,237",44,25.9,"30,750","41,090","39,490","36,940","38,670","35,250","31,990","28,720","28,390","29,630","30,890","32,140","29,610","27,080","26,430","26,010","25,730","26,940","27,900","28,770","29,590","51,100",140,"173,772","115,600",43,protective,188,0,0,0,0,0,1,0,0,0,0,0,0,0,0,0,0,1,0,0,0.14,0.13,0.15,0.28,5,4.9,5.3,5.8,0,0,1,0.07,0.53,0.35,0.05,,,,,1,0,0,1,12,60.9,1800000,0.005,3350000000,0.008,8242,25237,650,700,725,168,3,protective,188,1,1,1,1,1,0,1,1,1,1,1,0,0,1,1,0,0,1,0,1,0,1,0,Expansion effective 1/1/2014
Michigan,13.29,4.8,4.3,13.4,6.6,6.78,6.22,6.38,6.8,6.22,6.42,19.1,640,"1,874,298",12,18,69,16,38,54,11.6,19.3,-10,9,1.8,18,49,38,6,14,29.6,28.7,28.1,21,20.2,19.9,19.5,19,18.6,18.3,18,16.8,15.5,15.5,14.8,14.1,13.6,13.7,13.7,12.5,321,4,"29,303",47,12.2,"17,060","44,260","41,610","40,150","29,870","27,800","27,130","26,460","25,800","25,240","24,790","24,430","22,840","21,250","21,280","20,370","19,470","18,880","19,030","19,170","17,460","36,330",229,"163,418","105,610",26,very protective,188,0,0,0,0,0,0,1,0,0,0,0,1,0,0,0,0,1,0,0,0.18,0.17,0.27,0.18,5.2,5.1,6.1,6.3,0,0,1,0.08,0.59,0.31,0.03,0.36,0.57,0.03,0.05,0,0,0,0,0,54.8,2262000,0.013,8130000000,0.019,24722,29303,550,550,675,321,5,very protective,188,0,1,0,1,1,0,1,1,0,1,1,1,1,1,1,1,0,1,0,1,0,1,0,Expansion effective 1/1/2014
Minnesota,10.61,3.43,3.8,9.2,4,4.8,5.06,4.53,4.13,4.83,4.5,12.3,440,"1,066,806",12,8,73,11,33,58.2,8.2,30.8,18,3,3.4,16,41,46,1,34,28.2,24.6,21.5,21.2,19.3,18.4,17.8,18.3,17.2,16.1,15.4,15.1,15,14.9,14.5,14.1,13.9,14.3,14.9,16.1,320,1,"24,190",30,16.8,"31,500","62,770","54,530","47,430","45,710","39,930","37,530","35,780","36,050","33,410","30,770","29,270","28,780","28,420","28,130","27,290","26,460","26,140","26,810","27,990","30,150","60,130",271,"143,840","162,450",32,very protective,226,0,0,0,0,0,0,1,0,0,0,0,0,0,0,0,0,0,0,0,0.14,0.13,0.17,0.21,4.6,4.4,4.7,5.3,,,0,0.09,0.55,0.33,0.04,0.45,0.29,0.11,0.15,0,1,0,1,12,63.9,1447000,0.005,2420000000,0.007,6114,24190,650,700,748,320,5,very protective,226,0,1,0,0,1,0,1,1,1,1,1,1,1,1,1,1,0,1,0,1,1,1,0,Expansion effective 1/1/2014
Mississippi,11.98,6.87,6.9,13,,8.73,8.41,8.71,8.12,9.39,9.11,39.1,,"591,744",20,51,74,10,57,59.7,26.4,,1,0,1.2,11,33,53,3,58,17,14.5,13.1,12.9,12.5,12.6,12.7,11.9,11.2,10.6,10.2,9.7,9.1,8.8,8.9,9.1,9.5,9.7,9.7,9.5,401,0,"25,540",11,10.2,"11,060","17,400","15,090","13,950","13,940","13,370","13,420","13,480","12,580","11,780","11,120","10,690","10,130","9,570","9,230","9,360","9,590","10,100","10,370","10,520","10,380","29,280",128,"120,190","93,430",28,most restrictive,85,1,0,0,0,0,0,0,0,1,1,1,1,0,1,0,1,1,0,1,0.23,0.2,0.28,,5,4.6,5.2,10.8,,,,0.08,0.63,0.26,0.02,0.17,0.8,0.02,0.01,0,0,0,0,0,51.1,615000,0.012,1620000000,0.022,7793,25540,600,650,750,401,14,most restrictive,85,0,0,0,0,0,0,1,1,1,1,1,1,1,1,1,1,1,1,0,1,1,0,0,Legislative attempts in 2024 failed
Missouri,12.05,5.95,4.8,11.9,,6.26,6.35,6.14,5.89,5.85,6.77,23.8,50,"1,171,775",19,40,74,10,39,57.7,16.9,,42,50,0.4,10,23 [3],62 [3],44,92,10.8,14.5,14.3,14.3,12.8,12.9,12.9,13.5,12.6,11.7,11.1,10.4,9.7,9.2,8.8,8.6,8.3,8.5,8.6,9.9,246,1,"21,764",3,6.1,"3,560","6,480","8,830","9,020","9,060","7,930","7,880","7,850","8,210","7,640","7,070","6,700","6,280","5,860","5,540","5,300","5,100","4,930","4,970","5,010","5,760","19,890 [3]",210,"73,710","50,250",34 [3],most restrictive,152,1,0,0,0,0,0,0,0,1,1,0,1,1,1,0,1,1,1,1,0.19,0.19,0.28,0.21,5.9,5.7,6.1,6.2,0,0,1,0.04,0.51,0.41,,0.53,,,,0,0,0,0,0,57.4,1442000,0.014,5300000000,0.019,15401,21764,NA,470,2885,246,10,most restrictive,152,0,0,0,0,0,0,1,1,1,1,1,0,0,1,1,1,0,1,1,1,0,1,1,Expansion effective 10/1/2021
Montana,,4.28,4.4,0,,5.51,4.78,4.78,5,4.9,4.65,,30,"190,089",17,26,75,10,36,53.2,12.2,36.3,-98,100,0,10,26,59,99,94,20.5,16.9,13.4,14.4,12.5,12.6,12.8,12.8,11.5,10.1,9.8,9.4,9,7.8,8.2,8.6,8.4,8.5,8.6,9.9,207,2,"22,470",4,0.1,170,"23,940","19,870","16,050","17,410","14,900","15,070","15,250","15,160","13,550","11,930","11,510","11,080","10,610","9,180","9,640","10,100","9,860","9,970","10,100","11,710","35,090",218,"114,229","98,310",30,protective,127,0,0,0,0,0,1,0,0,0,0,0,0,0,0,0,0,0,1,0,0.18,0.17,,0.21,5.1,4.9,,6.3,1,1,0,0.11,0.56,0.29,0.04,0.8,0.02,0.07,0.11,0,0,0,0,0,60.8,273000,0.007,486000000,0.009,1512,22470,555,795,NA,207,10,protective,127,0,1,0,1,0,0,1,1,1,1,1,0,0,1,0,0,0,1,0,1,0,1,0,"Approved 1115 Waiver, effective 1/1/2016"
Nebraska,11.14,5.44,5,,4.7,5.54,5.77,4.93,5.68,5.49,5.83,25.1,90,"370,172",16,21,77,7,36,63.6,14.1,15.5,-1,0,0.2,10,29,56,3,47,13.2,15.7,12.8,12,11.2,11.4,11.7,11.3,11.1,11,11,10,9,8.2,8.2,8.1,7.9,7.7,7.5,7.6,230,0,"24,108",5,8.2,"1,630","2,350","2,810","2,430","2,220","2,020","2,070","2,110","2,040","2,000","1,980","1,990","1,820","1,660","1,520","1,530","1,540","1,510","1,490","1,470","1,510","4,870",85,"29,557","15,820",25,very restrictive,41,0,0,1,0,0,0,0,0,1,0,0,1,1,1,0,1,1,0,1,0.17,0.16,0.19,0.28,4.5,4.5,4,3.9,1,0,0,0.1,0.59,0.28,0.03,,,,,0,0,0,0,0,65.5,501000,0.011,1810000000,0.016,4785,24108,730,825,NA,230,8,very restrictive,41,0,0,0,0,0,0,0,0,1,1,1,0,0,1,0,1,0,1,0,1,0,1,0,Expansion effective 10/1/2020
Nevada,8.85,3.57,4.4,10.3,5.3,5.85,6.14,5.67,4.64,5.76,4.49,20.4,,"589,149",26,48,67,18,43,53.2,14,45.3,7,40,0.2,7,23,63,8,39,15.5,13.8,10.7,10.7,8.4,7.6,7.1,8.1,7.4,6.8,7.1,7,6.8,6.5,6.2,5.9,6.1,5.8,5.5,5.4,243,2,"24,276",7,5.9,"2,200","5,490","4,950","3,930","3,920","2,990","2,690","2,500","2,850","2,630","2,410","2,550","2,510","2,440","2,360","2,260","2,170","2,250","2,160","2,070","2,020","9,490",56,"44,084","33,460",26,some restrictions/protections,86,0,0,0,0,0,1,0,0,0,0,0,0,0,0,0,0,0,0,1,0.24,0.19,0.29,0.33,5.4,5.2,5.2,5.8,0,0,1,0.08,0.56,0.31,0.04,0.34,0.22,0.34,0.11,0,0,0,0,0,55.7,708000,0.006,1280000000,0.013,5173,24276,600,860,NA,243,14,some restrictions/protections,86,0,0,0,1,1,0,1,1,1,1,0,0,1,0,1,0,0,1,0,1,0,1,0,Expansion effective 1/1/2014
New Hampshire,,3.52,3.9,,,4.21,3.5,3.21,4.41,3.96,3.48,,130,"241,346",13,5,71,14,22,47.9,4.6,19.6,9,-15,1.2,18,42 [3],45 [3],4,9,37.2,40.4,38.4,30.1,25.8,25.5,25.3,23.8,23.3,22.9,21.8,19.5,17.2,19.3,17.9,16.5,16.6,16.7,16.7,17.7,363,-2,"20,373",11,17.9,"11,010","9,450","12,400","14,080","12,880","12,990","13,320","13,630","13,020","12,790","12,570","11,960","10,750","9,550","10,840","10,150","9,460","9,670","9,890","10,120","10,870","21,930 [3]",59,"26,073","53,490",38 [3],some restrictions/protections,61,0,0,0,0,0,1,0,0,0,0,0,1,0,0,0,0,0,1,0,0.15,0.15,,,4.6,4.5,,6.5,0,0,1,,,,,,,,,0,0,1,0,6,60.7,357000,0.004,402000000,0.006,1164,20373,555,600,NA,363,5,some restrictions/protections,61,0,1,0,1,0,0,1,1,1,0,1,0,0,1,0,0,0,1,1,1,0,1,0,Expansion effective 8/15/2014
New Jersey,7.5,2.73,2.4,8.4,3.9,4.45,3.8,4.22,4,3.57,3.57,26,670,"1,715,123",15,19,58,27,30,58.7,8.2,24.9,-10,0,0.2,14,42,45,23,30,21.9,16.9,17.5,14.9,11.5,11.4,11.5,11.1,11.2,11.4,11.6,10.6,9.6,10.3,10.2,9.9,9.6,9.6,9.6,8.7,193,0,"16,602",12,8.3,"2,050","5,940","4,490","4,670","4,020","3,060","3,030","2,990","2,860","2,840","2,830","2,880","2,610","2,340","2,530","2,480","2,410","2,330","2,350","2,370","2,150","5,270",39,"17,744","17,110",22,very protective,275,0,0,0,0,0,0,1,0,0,0,0,0,0,0,0,0,0,0,0,0.15,0.13,0.2,0.21,4.6,4.4,5,4.6,0,0,1,,,,,,,,,1,0,0,0,12,57.5,2193000,0.004,2630000000,0.006,7596,16602,490,415,700,193,8,very protective,275,1,1,0,0,1,0,0,1,1,1,1,0,1,1,0,0,1,1,1,0,0,1,0,Expansion effective 1/1/2014
New Mexico,,5.75,4.9,,4.6,5.85,5.69,5.66,5.3,4.77,5.88,28,120,"395,286",12,41,73,12,55,53.1,19.7,252.1,4,-4,5.2,27,59,29,6,21,36,32.1,35.4,36.4,33.8,32.7,31.6,31.2,29.8,28.3,27,26,25.4,25.9,27,28.2,28,28.3,28.6,28.9,261,-3,"16,001",76,29.2,"48,830","66,300","58,420","64,230","66,110","60,330","58,030","55,740","54,730","51,930","49,130","46,670","44,680","43,340","43,990","45,680","47,370","47,040","47,410","47,870","48,390","75,630",121,"108,924","173,210",45,very protective,30,0,0,0,0,0,0,1,0,0,0,0,0,0,0,0,0,0,0,0,0.23,0.18,,0.28,5,4.7,,5.1,0,0,1,0.12,0.56,0.28,0.03,0.24,0.08,0.58,0.1,0,0,0,0,0,50.5,433000,0.005,564000000,0.011,2648,16001,560,560,725,261,12,very protective,30,0,1,0,0,1,0,1,1,1,1,1,0,0,1,1,1,1,1,1,1,0,1,0,Expansion effective 1/1/2014
New York,7.44,3.48,2.9,9.3,4,4.58,4.33,4.33,4.08,4.16,4.26,22.4,2350,"4,001,053",14,10,59,26,47,53.6,8.6,11.2,26,-36,0.6,12,33,53,8,48,23.4,21.4,16.8,17.6,16.9,17.7,18.5,17,16.2,15.3,13.8,12.1,10.4,10.1,10.3,10.6,9.7,9.5,9.4,9.9,430,-4,"28,938",7,14.7,"5,880","8,180","7,780","6,560","6,890","6,690","7,020","7,350","6,730","6,420","6,110","5,520","4,860","4,190","4,030","4,120","4,210","3,830","3,790","3,760","3,950","11,140",234,"94,038","32,730",28,very protective,361,0,0,0,0,0,1,0,0,0,0,0,0,0,0,0,0,0,0,0,0.16,0.12,0.21,0.27,4.9,4.8,4.5,5.3,1,1,0,0.09,0.54,0.34,0.04,,,,,1,0,0,1,12,55.4,4533000,0.003,5650000000,0.007,17527,28938,580,580,600,430,5,very protective,361,1,1,1,1,1,0,1,1,1,1,1,1,0,1,1,1,1,1,0,0,0,1,1,Expansion effective 1/1/2014
North Carolina,11.71,5.01,5.3,11.3,4.7,7.03,6.75,6.78,6.77,6.72,6.79,26.7,480,"2,016,657",18,33,70,15,38,57.6,15,44.7,10,16,11.9,26,57,31,1,6,41.5,44.6,38.8,38.3,37,36.2,35.5,36.7,35.6,34.5,33.7,31.4,29,29.3,28.5,27.4,26.3,27.9,29.5,27.6,467,34,"24,336",252,28.8,"110,360","179,830","191,100","164,080","161,160","152,340","148,030","144,390","149,070","144,390","139,700","136,280","126,630","116,970","117,580","113,350","108,350","103,040","108,730","114,410","105,990","170,080",557,"569,620","389,050",43,restrictive,163,0,0,1,0,0,0,0,0,1,1,0,1,0,0,0,1,1,0,0,0.19,0.17,0.2,0.28,5.1,4.9,5.2,4.3,1,1,0,0.08,0.59,0.3,0.03,0.27,0.52,0.14,0.08,0,0,0,0,0,56.1,2478000,0.01,7300000000,0.02,27778,24336,425,425,465,467,12,restrictive,163,0,1,0,1,1,0,,,,,,,,,,,,,,,,1,0,Expansion effective 12/1/2023
North Dakota,,3.93,,,,4.38,5.64,7.46,5.47,2.77,4.29,,,"146,282",17,16,77,7,22,62,11.7,,5,-30,3.4,15,34,52,2,53,24.2,20.9,18,18.8,16.1,16,15.8,15,14.6,14.2,12.8,13.2,13.6,13.3,12.5,11.6,12.4,12.2,12,13,487,-11,"19,462",26,15.3,"31,850","38,120","34,000","31,070","33,620","29,730","29,970","30,220","29,000","28,340","27,670","25,080","25,960","26,850","26,410","24,870","23,320","25,060","24,930","24,800","27,030","70,120",270,"103,042","171,720",35,restrictive,39,0,0,0,0,0,1,0,0,1,0,0,1,1,1,0,1,1,0,1,0.15,0.15,,,4.5,4.2,5,10.2,0,0,1,0.1,0.59,0.28,,,,,,0,0,0,0,0,63.8,185000,0.008,593000000,0.015,1672,19462,650,675,NA,487,8,restrictive,39,0,0,0,0,0,0,1,1,1,1,1,1,1,1,1,1,1,1,1,1,0,1,0,Expansion effective 1/1/2014
Ohio,12.69,5.87,5.5,13.6,6.2,7.18,6.94,6.89,6.7,7.06,7.11,24.5,430,"2,203,285",15,29,73,11,40,57.3,15.4,15.1,-1,0,0.1,7,22,64,13,72,10.4,8.6,7.4,7,6.9,7,7.1,7.9,7.8,7.6,7.1,6.8,6.4,7.1,6.7,6.6,6.6,6.5,6.4,6.4,299,0,"24,346",1,7.8,"1,170","1,510","1,190","1,050",940,890,900,910,"1,010","1,000",980,940,920,900,"1,020",990,960,970,960,950,960,"4,290",42,"8,725","13,950",29,some restrictions/protections,67,0,0,0,0,1,0,0,0,0,0,0,1,0,0,0,1,1,0,0,0.19,0.18,0.24,0.2,5.6,5.5,5.7,6.1,,,,0.09,0.59,0.29,0.03,,,,,0,0,0,0,0,56,2696000,0.009,7150000000,0.015,23109,24346,650,650,1100,299,6,some restrictions/protections,67,0,1,0,0,0,0,1,1,1,1,1,0,0,1,1,1,1,1,0,1,0,1,1,Expansion effective 1/1/2014
Oklahoma,12.46,6.2,6.4,11.2,6.2,7.79,7.09,7,5.9,7.13,6.89,29.6,,"768,751",23,48,77,7,51,60.4,21.2,,1,-18,2.3,11,26,60,10,55,20,18.2,16.4,15.6,14.2,14.2,14.2,14.2,13.7,13,12.6,11.8,11,10.5,9.9,9.4,9.4,9.4,9.5,9.9,213,-3,"20,819",14,9.5,"20,990","50,780","46,190","41,320","38,090","33,140","32,880","32,620","32,370","30,760","29,140","27,930","26,200","24,470","23,220","21,980","20,790","20,640","20,810","21,120","21,920","75,560",302,"185,416","186,820",34,most restrictive,103,1,0,0,0,0,0,0,0,1,0,0,1,1,1,1,1,1,1,1,0.23,0.21,0.31,0.24,5.9,5.7,7.1,4.5,0,0,1,0.11,0.61,0.26,0.03,,,,,0,0,0,0,0,55.9,888000,0.011,2670000000,0.023,11981,20819,650,725,750,213,15,most restrictive,103,0,0,0,0,0,0,1,1,1,1,1,1,1,1,1,1,1,1,1,1,1,1,0,Expansion effective 7/1/2021
Oregon,8.81,4.19,3.6,,4.4,5.34,4.22,4.85,4.22,3.79,4.48,16.6,310,"810,399",14,13,70,14,44,47.3,10.1,39.3,100,20,1,7,19,66,5,53,17.2,12.7,11.7,10.6,10.3,10.3,10.3,10.3,9.6,8.8,7.9,7.8,7.6,6.8,6.2,5.9,6.2,8.5,10.8,10.7,269,1,"21,193",6,12.4,"9,690","12,240","9,080","8,490","7,780","7,420","7,450","7,480","7,500","7,060","6,510","5,910","5,830","5,760","5,210","4,800","4,550","4,780","6,580","8,370","8,330","23,470",213,"109,995","65,520",31,most protective,61,0,0,0,0,0,0,1,0,0,0,0,0,0,0,0,0,0,0,0,0.18,0.17,0.24,0.21,5.8,5.7,6.6,5.6,1,0,0,0.1,0.55,0.31,0.05,0.56,0.07,0.25,0.13,1,0,0,1,12,58.5,1030000,0.003,827000000,0.004,2620,21193,650,700,925,269,7,most protective,61,1,1,1,1,1,0,,,,,,,,,,,,,,,,1,0,Expansion effective 1/1/2014
Pennsylvania,9.49,4.76,4.1,9.8,5.7,6.08,5.94,5.93,5.58,5.37,5.69,17.5,460,"2,383,721",13,19,68,17,34,53.3,10.6,17.4,-13,7,0.9,14,38,49,5,22,23.4,21.7,19,21.1,16.3,16.5,16.7,15.7,14.6,13.6,13.2,12.1,11.2,11.3,11.4,11.4,11,10.7,10.5,9.7,430,2,"24,740",29,10.3,"8,560","14,850","14,620","13,540","15,270","11,900","12,150","12,410","11,800","11,020","10,250","10,020","9,310","8,600","8,760","8,950","9,140","8,950","8,810","8,660","8,110","22,490",209,"147,043","62,200",28,restrictive,160,0,0,0,0,0,1,0,0,1,0,0,1,0,0,0,1,1,0,1,0.18,0.17,0.23,0.31,5.3,5,6.2,6.3,0,0,1,0.08,0.57,0.32,0.04,,,,,0,0,0,0,0,57.1,3058000,0.009,8550000000,0.015,25766,24740,448,478,550,430,6,restrictive,160,0,0,0,0,1,0,,,,,,,,,,,,,,,,1,0,Expansion effective 1/1/2014
Rhode Island,,3.74,,,,6.2,4.95,5.9,3.96,4.3,3.9,,80,"209,072",8,3,65,20,41,47.5,8.3,7.1,4,2,3.5,17,41,46,14,38,19.6,18.9,15.9,15.5,15.3,16.1,17.2,19,18.3,17.3,16.1,15.1,14.3,14.2,14.4,14.6,14.2,13.9,13.7,14.7,201,1,"31,830",43,13.6,"32,260","53,050","50,720","42,080","39,670","38,110","39,770","42,550","46,670","44,820","42,250","39,200","36,560","34,580","34,230","34,550","34,870","33,840","33,170","32,730","34,950","79,260",309,"500,907","202,590",33,some restrictions/protections,101,0,0,0,0,0,1,0,0,0,0,0,0,0,0,0,1,1,0,0,0.16,0.13,0.17,0.35,4.5,4.3,4.5,5.7,1,1,0,0.08,0.56,0.33,,,,,,1,0,0,1,6,60.6,282000,0.008,573000000,0.009,1516,31830,600,730,855,201,4,some restrictions/protections,101,0,1,0,0,1,0,,,,,,,,,,,,,,,,1,1,Expansion effective 1/1/2014
South Carolina,11.63,4.85,5.2,12.9,5.2,6.52,7.11,6.89,6.64,7.26,6.76,32.3,130,"965,704",20,38,70,14,47,57,17.3,82.2,-20,-40,0.3,20,49,39,17,36,24.2,24.6,22.8,21.1,20.5,20.2,20,19.9,18.9,18,17.3,16.1,14.8,15.3,15.7,16,15.8,15.3,14.5,14,90,-2,"24,216",3,13.3,"2,760","5,800","5,830","5,290","4,900","4,680","4,550","4,420","4,340","4,100","3,850","3,690","3,410","3,130","3,220","3,290","3,340","3,280","3,180","3,010","2,910","6,370",39,"48,022","16,380",31,most restrictive,154,0,1,0,0,0,0,0,0,1,0,1,1,0,1,0,1,1,0,1,0.18,0.16,0.24,0.24,4.6,4.6,4.3,4,,,,0.09,0.58,0.3,0.03,0.41,0.46,0.09,0.04,0,0,0,0,0,52.1,1146000,0.01,3000000000,0.018,11505,24216,495,495,NA,90,12,most restrictive,154,0,0,0,0,0,0,,,,,,,,,,,,,,,,0,0,Expansion effective 7/1/2023
South Dakota,,6.18,4.1,,,7.75,5.89,6.99,7.3,6.07,7.77,,80,"158,874",9,29,79,5,27,66.5,17.4,,0,43,0.6,14,34 [3],52 [3],57,71,19.8,16.8,14.3,13.7,14.9,15,15,14.3,14.1,13.9,12.5,12.3,12.1,11.6,11.5,11.4,11.8,11.7,11.5,11.9,220,3,"25,840",10,5.3,"5,300","16,440","14,410","12,450","12,120","13,320","13,590","13,750","13,200","13,050","12,900","11,580","11,440","11,300","10,940","10,930","10,920","11,380","11,390","11,390","11,830","31,420 [3]",180,"155,748","80,960",33 [3],most restrictive,30,1,0,0,0,0,0,0,0,1,1,0,1,0,1,0,1,0,1,1,0.15,0.14,,,3.7,3.4,,,,,,0.11,0.59,0.29,,0.53,0.13,0.16,0.18,0,0,0,0,0,63.6,219000,0.01,671000000,0.015,1897,25840,661,643,643,220,9,most restrictive,30,0,0,0,0,0,0,1,1,0,1,1,0,0,1,1,1,0,1,1,0,0,0,0,No expansion
Tennessee,11.74,5.53,5.1,10.3,5.5,7.29,6.89,6.96,6.38,6.18,6.61,41.1,380,"1,312,517",17,43,74,10,44,59.3,21,,-74,0,0,5,16,69,84,76,9.4,8.8,7.5,6.5,6.4,6.4,6.3,6.4,6,5.5,5.5,5.4,5.3,5.1,4.9,4.6,4.7,4.6,4.6,4.1,329,0,"23,604",2,0.8,130,"1,420","1,340","1,200","1,020",980,970,960,970,900,840,850,840,830,810,770,730,750,750,750,680,"4,420",89,"11,729","15,380",28,most restrictive,166,1,0,0,0,0,0,0,1,1,1,1,1,0,1,0,0,1,0,1,0.22,0.23,0.21,,6.5,6.5,6.1,7.8,,,,0.08,0.59,0.3,0.03,0.35,0.54,0.07,0.03,0,0,1,0,0,54.2,1569000,0.008,3810000000,0.014,13463,23604,600,701,850,329,12,most restrictive,166,0,0,0,0,0,0,1,1,1,1,0,0,0,1,1,1,0,0,0,0,0,0,0,No expansion
Texas,10.28,5.06,4.1,9.7,5,5.85,5.48,5.48,5.29,5.29,5.72,28.2,910,"5,885,855",27,50,73,11,48,61.9,20.4,,-12,9,1.2,10,22,63,23,61,17.4,16.2,13.5,13.8,12.4,12.3,12.3,12.7,12,11.3,10.7,10.3,9.9,9.5,9.1,8.6,8.5,8.3,8.1,7.8,158,1,"25,254",12,8.1,"10,850","20,060","19,110","16,690","17,270","15,520","15,550","15,590","16,210","15,290","14,370","13,670","13,210","12,760","12,300","11,770","11,230","11,120","10,990","10,800","10,460","47,140",262,"184,184","109,390",36,most restrictive,247,1,0,0,0,0,0,0,0,1,1,1,1,1,1,0,1,1,1,1,0.22,0.18,0.27,0.27,5.8,5.5,7.4,5.8,1,0,0,0.08,0.59,0.3,0.03,0.27,0.31,0.36,0.06,0,0,1,0,2,56.8,6614000,0.01,23000000000,0.023,93244,25254,700,715,850,158,21,most restrictive,247,0,0,0,0,0,0,1,1,1,1,0,0,0,1,1,1,0,1,1,1,0,1,1,No expansion
Utah,13.91,4.43,4.1,,4.9,5.89,5.49,5.27,5.43,4.58,5.02,15.5,230,"675,124",18,28,79,5,17,61.3,9,43.4,1,-20,6.2,11,26,59,8,44,24.2,22.4,19.6,18.3,17,16.3,15.6,15.9,15.4,14.6,13.3,12.6,12,10,9.7,9.4,9.5,9.8,10,10.1,234,-9,"23,928",35,9.5,"58,020","97,450","94,590","88,250","87,110","84,560","82,540","80,510","82,690","81,060","78,130","72,140","69,520","66,910","56,400","55,690","55,100","56,360","58,410","60,470","61,500","203,950",453,"708,178","520,440",35,very restrictive,54,0,0,0,0,1,0,0,0,1,1,0,1,1,1,0,1,1,1,1,0.15,0.13,,0.26,5.5,5.5,7.9,5.6,0,0,1,0.13,0.59,0.25,0.03,0.55,0.04,0.33,0.08,0,0,0,0,0,59.9,760000,0.011,2630000000,0.021,10636,23928,450,500,NA,234,9,very restrictive,54,0,0,0,0,0,0,,,,,,,,,,,,,,,,1,0,Expansion effective 1/1/2020
Vermont,,4.67,,,,4.77,6.44,,0,,4.89,,40,"113,854",10,2,70,14,38,44.3,5.8,21,0,100,0.3,5,18,67,8,64,11.9,8.9,7.8,6.6,6.5,6.7,6.8,6.6,6.2,5.7,5.3,5.2,5,4.6,4.6,4.6,4.5,4.4,4.4,4.5,106,6,"19,974",12,4.4,"3,120","4,590","3,800","3,850","3,500","3,610","3,780","3,940","3,880","3,690","3,470","3,240","3,210","3,170","2,960","3,010","3,050","3,020","3,050","3,110","3,220","15,850",83,"46,285","61,620",23,most protective,51,0,0,0,0,0,0,1,0,0,0,0,0,0,0,0,0,0,0,0,0.13,0.13,,0.15,4.9,4.8,4.7,7.2,0,0,1,0.11,0.52,0.33,,0.89,0.04,0.03,0.04,0,0,1,0,6,61.3,169000,0.002,62854531,0.002,179,19974,555,555,NA,106,3,most protective,51,1,1,0,1,1,0,1,1,1,1,1,0,0,1,0,0,0,0,0,1,0,1,0,Expansion effective 1/1/2014
Virginia,11.71,4.7,4.5,10.3,6.1,5.9,5.61,5.81,5.76,5.96,6.21,32.7,390,"1,681,168",17,25,70,14,34,55.6,11.2,85.2,-6,11,0.1,14,42,45,7,38,21.6,16,15.4,11.6,14.4,14.2,14,14.3,14,13.6,13.7,13.4,12.8,11.9,11.5,11,9.9,9.4,9.1,9.5,277,1,"22,560",10,10.7,"1,230","2,920","2,160","2,050","1,510","1,810","1,760","1,720","1,730","1,670","1,600","1,610","1,560","1,490","1,380","1,320","1,260","1,140","1,080","1,040","1,100","2,570",56,"25,253","8,040",23,restrictive,137,0,0,0,0,0,1,0,0,0,0,0,1,0,0,0,0,1,1,0,0.16,0.15,0.22,0.12,5.3,5.2,5.6,5.4,0,0,1,0.06,0.56,0.34,0.04,0.33,0.47,0.1,0.1,0,0,1,0,0,60.6,2136000,0.006,4090000000,0.011,13386,22560,450,450,850,277,8,restrictive,137,0,1,0,0,0,0,1,1,1,1,1,1,1,1,1,1,1,1,1,1,0,1,0,Expansion effective 1/1/2019
Washington,8.09,4.02,4.1,6.2,3.4,3.88,4.69,4.26,4.51,4.36,4.34,18,490,"1,464,754",15,15,70,14,33,53.3,9.6,34.7,8,-6,2,14,38,48,25,79,26.6,24.6,20.6,19.3,18.7,19.3,19.9,19.1,18.8,18.5,17.6,17.7,17.8,14.6,13.9,13.1,12.1,12.4,12.9,13.8,437,-2,"22,859",32,11,"18,740","40,240","38,130","32,450","30,690","30,590","31,670","32,750","31,360","30,950","30,550","29,160","29,510","29,860","24,590","23,290","21,990","20,290","20,900","21,890","23,390","50,250",241,"96,344","142,780",30,protective,121,0,0,0,0,0,1,0,0,0,0,0,0,0,0,0,0,0,0,0,0.15,0.14,0.17,0.22,5.3,5.2,5.1,5.5,,,,0.09,0.54,0.32,0.05,,,,,1,0,0,1,12,58.6,1822000,0.003,2290000000,0.007,7295,22859,650,650,NA,437,7,protective,121,1,1,0,1,1,1,1,1,1,1,1,1,1,1,0,1,1,0,0,1,0,1,1,Expansion effective 1/1/2014
West Virginia,,7.14,7,,,6.96,6.96,6.12,7.33,6.8,7.32,23.9,30,"322,254",12,35,75,10,48,54,19.8,,-3,2,1.9,14,41,46,5,9,27.8,28,21.3,20.8,18,18.4,18.8,18.4,17.4,16.5,15.9,14.8,13.8,13.7,12.9,12.1,12.1,12.1,12.2,11.6,344,1,"21,438",51,11.7,"17,980","30,890","33,620","26,960","26,970","23,680","24,350","25,030","24,670","23,530","22,380","21,830","20,470","19,100","19,150","18,340","17,530","17,760","18,160","18,560","17,910","41,220",257,"154,104","124,610",28,most restrictive,143,1,0,0,0,0,0,0,1,1,0,0,1,0,1,0,1,0,1,1,0.27,0.26,0.27,,6.8,6.8,5.6,5.7,1,1,0,0.09,0.56,0.32,0.03,0.83,0.14,0,0.02,0,0,0,0,0,49.5,362000,0.008,755000000,0.015,3115,21438,495,625,NA,344,7,most restrictive,143,0,0,0,0,0,0,0,1,1,1,1,0,0,1,0,0,0,1,1,1,0,0,0,Expansion effective 1/1/2014
Wisconsin,11.31,5.03,4.2,12.9,5.2,6.39,6.12,5.86,5.94,5.36,5.8,13.2,480,"1,083,819",13,11,75,9,334,54.2,9.8,82,-30,-40,0.1,10,28,57,52,90,11.7,11.1,8.6,7.9,7.7,8.2,8.8,7.8,8.9,10.1,9.7,8.2,6.7,6.8,7.2,7.6,7.4,6.7,5.9,5.7,45,-2,"22,261",3,3.1,990,"4,800","4,460","3,400","2,930","2,700","2,880","3,070","2,680","3,070","3,460","3,320","2,800","2,280","2,280","2,380","2,490","2,400","2,130","1,870","1,780","7,940",202,"116,076","25,030",25,restrictive,112,0,0,0,0,1,0,0,0,1,1,1,1,0,1,0,1,1,0,1,0.17,0.15,0.35,0.26,5,4.8,6.7,6.1,1,0,0,0.11,0.58,0.28,0.03,,,,,0,0,0,0,0,59.3,1416000,0.01,4030000000,0.013,10884,22261,600,738,NA,45,6,restrictive,112,0,0,0,1,0,0,,,,,,,,,,,,,,,,0,0,Expansion effective 1/1/2014
Wyoming,,5.64,5.3,0,,4.64,5.33,7.16,5.22,5.45,5.62,,40,"107,740",22,42,76,8,30,55.4,16,323.5,8,-14,0.7,9,27,58,17,68,16.6,14.3,12.8,10.8,9.6,9.2,8.8,8.7,8.5,8.3,7.9,7.4,6.9,6.8,6.8,6.8,7,7.4,7.7,7.6,382,-1,"17,455",6,6.4,"6,960","18,580","16,280","14,980","12,450","10,920","10,390","9,870","9,660","9,420","9,140","8,660","8,080","7,510","7,430","7,360","7,310","7,600","8,020","8,440","8,290","26,340",132,"80,278","86,260",24,restrictive,33,0,0,0,0,0,1,0,0,0,0,0,1,0,0,0,0,1,1,1,0.15,0.15,,0.18,5,4.9,,5.8,,,,0.15,0.51,0.32,,0.77,,,,0,0,0,0,0,58,131000,0.004,187000000,0.012,909,17455,600,NA,NA,382,14,restrictive,33,0,0,0,0,0,0,,,,,,,,,,,,,,,,0,0,Potential future ballot initiatives
,,,,,,,,,,,,,,,,,,,,,,,,,,,,,,,,,,,,,,,,,,,,,,,,,,,,,,,,,,,,,,,,,,,,,,,,,,,,,,,,,,,,,,,,,,,,,,,,,,,,,,,,,,,,,,,,,,,,,,,,,,NA,NA,NA,NA,NA,NA,NA,0.007,173000000000,0.014,597068,26651,568,625,775,310,10,,,,,,,,,,,,,,,,,,,,,,,,,,